ID,LAT,LON,Altitude,Date,Time
1,39.984702,116.318417,492,10/23/2008,2:53:04
2,39.984683,116.31845,492,10/23/2008,2:53:10
3,39.984686,116.318417,492,10/23/2008,2:53:15
4,39.984688,116.318385,492,10/23/2008,2:53:20
5,39.984655,116.318263,492,10/23/2008,2:53:32
6,39.984611,116.318026,493,10/23/2008,2:53:34
7,39.984608,116.317761,493,10/23/2008,2:53:35
8,39.984563,116.317517,496,10/23/2008,2:53:40
9,39.984539,116.317294,500,10/23/2008,2:53:51
10,39.984606,116.317065,505,10/23/2008,2:53:57
11,39.984568,116.316911,510,10/23/2008,2:53:58
12,39.984586,116.316716,515,10/23/2008,2:54:00
13,39.984561,116.316527,520,10/23/2008,2:54:05
14,39.984536,116.316354,525,10/23/2008,2:54:16
15,39.984523,116.316188,531,10/23/2008,2:54:19
16,39.984516,116.315963,536,10/23/2008,2:54:20
17,39.984523,116.315823,541,10/23/2008,2:54:32
18,39.984574,116.315611,546,10/23/2008,2:54:36
19,39.984568,116.315407,551,10/23/2008,2:54:37
20,39.984538,116.315148,556,10/23/2008,2:54:38
21,39.984501,116.314907,560,10/23/2008,2:54:49
22,39.984532,116.314808,564,10/23/2008,2:54:53
23,39.984504,116.314625,569,10/23/2008,2:54:55
24,39.984485,116.314426,574,10/23/2008,2:55:00
25,39.984427,116.31424,579,10/23/2008,2:55:05
26,39.984485,116.314042,584,10/23/2008,2:55:10
27,39.98448,116.313818,589,10/23/2008,2:55:15
28,39.984501,116.313659,595,10/23/2008,2:55:20
29,39.984618,116.314323,113,10/23/2008,2:55:32
30,39.984649,116.314107,117,10/23/2008,2:55:34
31,39.984621,116.313941,121,10/23/2008,2:55:35
32,39.984655,116.313724,126,10/23/2008,2:55:40
33,39.984681,116.313521,129,10/23/2008,2:55:51
34,39.984708,116.313311,133,10/23/2008,2:55:53
35,39.984708,116.313099,137,10/23/2008,2:55:55
36,39.984696,116.312921,144,10/23/2008,2:56:00
37,39.984677,116.312746,153,10/23/2008,2:56:05
38,39.984682,116.312525,155,10/23/2008,2:56:10
39,39.984649,116.312332,158,10/23/2008,2:56:15
40,39.984641,116.312123,164,10/23/2008,2:56:20
41,39.984647,116.311917,170,10/23/2008,2:56:32
42,39.984654,116.31172,178,10/23/2008,2:56:34
43,39.984631,116.311569,180,10/23/2008,2:56:35
44,39.984647,116.31138,184,10/23/2008,2:56:40
45,39.984653,116.311189,194,10/23/2008,2:56:51
46,39.984628,116.311026,206,10/23/2008,2:56:53
47,39.984652,116.310854,214,10/23/2008,2:56:55
48,39.984656,116.31066,222,10/23/2008,2:57:00
49,39.984616,116.310534,231,10/23/2008,2:57:05
50,39.984676,116.31033,235,10/23/2008,2:57:10
51,39.984698,116.310063,242,10/23/2008,2:57:15
52,39.984696,116.309937,250,10/23/2008,2:57:20
53,39.984663,116.309851,260,10/23/2008,2:57:23
54,39.984598,116.309749,266,10/23/2008,2:57:34
55,39.98454,116.309656,270,10/23/2008,2:57:35
56,39.984525,116.309503,271,10/23/2008,2:57:40
57,39.984498,116.309348,270,10/23/2008,2:57:51
58,39.984481,116.309173,265,10/23/2008,2:57:53
59,39.984489,116.308993,261,10/23/2008,2:57:55
60,39.98447,116.308827,257,10/23/2008,2:58:00
61,39.98449,116.308638,251,10/23/2008,2:58:05
62,39.98449,116.308485,247,10/23/2008,2:58:10
63,39.984494,116.308351,240,10/23/2008,2:58:15
64,39.984499,116.308201,240,10/23/2008,2:58:20
65,39.984484,116.308049,244,10/23/2008,2:58:32
66,39.984491,116.307902,253,10/23/2008,2:58:34
67,39.984499,116.307809,264,10/23/2008,2:58:35
68,39.984472,116.307687,272,10/23/2008,2:58:40
69,39.984493,116.307548,279,10/23/2008,2:58:51
70,39.984488,116.307434,282,10/23/2008,2:58:53
71,39.984427,116.307292,281,10/23/2008,2:58:55
72,39.984428,116.307126,282,10/23/2008,2:59:00
73,39.984432,116.306943,288,10/23/2008,2:59:05
74,39.984425,116.306801,284,10/23/2008,2:59:10
75,39.984438,116.306633,286,10/23/2008,2:59:15
76,39.984462,116.306486,284,10/23/2008,2:59:20
77,39.984466,116.3063,285,10/23/2008,2:59:32
78,39.984456,116.306047,287,10/23/2008,2:59:34
79,39.984454,116.305854,295,10/23/2008,2:59:35
80,39.984412,116.305682,297,10/23/2008,2:59:40
81,39.98441,116.305466,301,10/23/2008,2:59:51
82,39.984406,116.305281,309,10/23/2008,2:59:53
83,39.984393,116.305023,314,10/23/2008,2:59:55
84,39.984356,116.304909,305,10/23/2008,3:00:00
85,39.984352,116.304704,295,10/23/2008,3:00:05
86,39.984338,116.304543,293,10/23/2008,3:00:10
87,39.984338,116.304315,291,10/23/2008,3:00:15
88,39.984349,116.304083,290,10/23/2008,3:00:20
89,39.984368,116.303934,282,10/23/2008,3:00:32
90,39.984437,116.303813,257,10/23/2008,3:00:34
91,39.984429,116.303672,253,10/23/2008,3:00:35
92,39.984342,116.303444,237,10/23/2008,3:00:40
93,39.984365,116.303298,236,10/23/2008,3:00:51
94,39.984368,116.303132,233,10/23/2008,3:00:53
95,39.984385,116.30292,232,10/23/2008,3:00:55
96,39.98438,116.302754,240,10/23/2008,3:01:00
97,39.984346,116.302601,239,10/23/2008,3:01:05
98,39.984303,116.302457,237,10/23/2008,3:01:10
99,39.984344,116.302271,233,10/23/2008,3:01:15
100,39.984341,116.302094,228,10/23/2008,3:01:20
101,39.984359,116.301888,218,10/23/2008,3:01:32
102,39.984379,116.301693,208,10/23/2008,3:01:34
103,39.984345,116.3015,196,10/23/2008,3:01:35
104,39.984345,116.301309,190,10/23/2008,3:01:40
105,39.984338,116.301107,184,10/23/2008,3:01:51
106,39.984344,116.300877,175,10/23/2008,3:01:53
107,39.984278,116.300674,168,10/23/2008,3:01:55
108,39.984276,116.300462,153,10/23/2008,3:02:00
109,39.984278,116.300307,140,10/23/2008,3:02:05
110,39.984252,116.300156,133,10/23/2008,3:02:10
111,39.984288,116.299943,131,10/23/2008,3:02:15
112,39.984283,116.29981,138,10/23/2008,3:02:20
113,39.984335,116.299744,145,10/23/2008,3:02:32
114,39.984312,116.299703,153,10/23/2008,3:02:34
115,39.984177,116.299699,164,10/23/2008,3:02:35
116,39.98414,116.299697,175,10/23/2008,3:02:40
117,39.984204,116.299721,180,10/23/2008,3:02:51
118,39.984258,116.299736,184,10/23/2008,3:02:53
119,39.984031,116.299573,198,10/23/2008,3:02:55
120,39.98379,116.299578,212,10/23/2008,3:03:00
121,39.983726,116.299566,213,10/23/2008,3:03:05
122,39.983692,116.299496,209,10/23/2008,3:03:10
123,39.983685,116.299476,207,10/23/2008,3:03:15
124,39.983639,116.299425,209,10/23/2008,3:03:20
125,39.983629,116.299353,207,10/23/2008,3:03:32
126,39.983641,116.299279,215,10/23/2008,3:03:34
127,39.983557,116.299235,215,10/23/2008,3:03:35
128,39.983509,116.299238,213,10/23/2008,3:03:40
129,39.983413,116.299267,211,10/23/2008,3:03:51
130,39.983353,116.299305,209,10/23/2008,3:03:53
131,39.983337,116.299321,205,10/23/2008,3:03:55
132,39.9833,116.299314,204,10/23/2008,3:04:00
133,39.9833,116.299314,204,10/23/2008,3:04:03
134,39.983304,116.299307,201,10/23/2008,3:04:05
135,39.983279,116.299311,199,10/23/2008,3:04:10
136,39.983302,116.299302,193,10/23/2008,3:04:15
137,39.983276,116.299265,189,10/23/2008,3:04:20
138,39.983322,116.299191,188,10/23/2008,3:04:32
139,39.983403,116.299147,185,10/23/2008,3:04:34
140,39.983548,116.299083,188,10/23/2008,3:04:35
141,39.983675,116.299031,194,10/23/2008,3:04:40
142,39.983663,116.298932,199,10/23/2008,3:04:51
143,39.983533,116.298903,202,10/23/2008,3:04:53
144,39.98359,116.298869,204,10/23/2008,3:04:55
145,39.983723,116.298825,203,10/23/2008,3:05:00
146,39.983902,116.298773,204,10/23/2008,3:05:05
147,39.984045,116.298725,206,10/23/2008,3:05:10
148,39.984019,116.298663,209,10/23/2008,3:05:15
149,39.995777,116.286798,716,10/23/2008,4:08:07
150,39.996832,116.285446,276,10/23/2008,4:08:12
151,39.984397,116.299292,931,10/23/2008,4:08:42
152,39.984426,116.299329,959,10/23/2008,4:08:47
153,39.984499,116.299413,983,10/23/2008,4:08:52
154,39.984424,116.299467,990,10/23/2008,4:08:57
155,39.98441,116.299477,940,10/23/2008,4:09:02
156,39.984421,116.299569,928,10/23/2008,4:09:07
157,39.984518,116.29953,902,10/23/2008,4:09:12
158,39.984488,116.299645,897,10/23/2008,4:09:17
159,39.98454,116.299523,870,10/23/2008,4:09:22
160,39.98446,116.299528,891,10/23/2008,4:09:27
161,39.984463,116.299508,883,10/23/2008,4:09:32
162,39.984501,116.299473,882,10/23/2008,4:09:37
163,39.984532,116.299451,879,10/23/2008,4:09:42
164,39.984532,116.299451,879,10/23/2008,4:09:51
165,39.984527,116.299451,879,10/23/2008,4:09:47
166,39.984517,116.299447,879,10/23/2008,4:09:52
167,39.984509,116.299438,880,10/23/2008,4:09:57
168,39.984497,116.299411,878,10/23/2008,4:10:02
169,39.984499,116.299405,879,10/23/2008,4:10:07
170,39.984498,116.299407,878,10/23/2008,4:10:12
171,39.984498,116.299407,878,10/23/2008,4:10:15
172,39.984493,116.299412,878,10/23/2008,4:10:17
173,39.984498,116.299466,874,10/23/2008,4:10:22
174,39.984546,116.29941,864,10/23/2008,4:10:27
175,39.984638,116.299318,857,10/23/2008,4:10:32
176,39.98473,116.299315,850,10/23/2008,4:10:37
177,39.984753,116.299305,840,10/23/2008,4:10:42
178,39.984789,116.299297,829,10/23/2008,4:10:47
179,39.984795,116.299391,825,10/23/2008,4:10:52
180,39.984778,116.299504,821,10/23/2008,4:10:57
181,39.984743,116.299617,818,10/23/2008,4:11:02
182,39.984671,116.299625,802,10/23/2008,4:11:07
183,39.984694,116.299536,780,10/23/2008,4:11:12
184,39.984733,116.29952,769,10/23/2008,4:11:17
185,39.983841,116.299902,818,10/23/2008,4:11:22
186,39.983861,116.300177,729,10/23/2008,4:11:27
187,39.983842,116.300329,646,10/23/2008,4:11:32
188,39.983984,116.300308,573,10/23/2008,4:11:37
189,39.984126,116.300188,486,10/23/2008,4:11:42
190,39.984246,116.300058,411,10/23/2008,4:11:47
191,39.984373,116.300019,357,10/23/2008,4:11:52
192,39.984533,116.300043,315,10/23/2008,4:11:57
193,39.984723,116.300058,261,10/23/2008,4:12:02
194,39.984789,116.300151,234,10/23/2008,4:12:07
195,39.984837,116.300216,206,10/23/2008,4:12:12
196,39.984859,116.300332,195,10/23/2008,4:12:17
197,39.984888,116.300514,186,10/23/2008,4:12:22
198,39.984896,116.300689,176,10/23/2008,4:12:27
199,39.984905,116.300885,167,10/23/2008,4:12:32
200,39.984911,116.301049,162,10/23/2008,4:12:37
201,39.984925,116.301221,164,10/23/2008,4:12:42
202,39.98493,116.301391,163,10/23/2008,4:12:47
203,39.984938,116.301568,166,10/23/2008,4:12:52
204,39.984948,116.301741,169,10/23/2008,4:12:57
205,39.984945,116.301915,177,10/23/2008,4:13:02
206,39.984953,116.302055,179,10/23/2008,4:13:07
207,39.984953,116.302264,182,10/23/2008,4:13:12
208,39.98496,116.302488,183,10/23/2008,4:13:17
209,39.984973,116.302679,182,10/23/2008,4:13:22
210,39.984983,116.30286,181,10/23/2008,4:13:27
211,39.985009,116.303037,180,10/23/2008,4:13:32
212,39.985043,116.303258,179,10/23/2008,4:13:37
213,39.98503,116.303496,170,10/23/2008,4:13:42
214,39.985039,116.303685,176,10/23/2008,4:13:47
215,39.985028,116.303884,175,10/23/2008,4:13:52
216,39.984993,116.304067,174,10/23/2008,4:13:57
217,39.985027,116.304163,177,10/23/2008,4:14:02
218,39.985038,116.30426,175,10/23/2008,4:14:07
219,39.985042,116.304459,171,10/23/2008,4:14:12
220,39.985029,116.304647,175,10/23/2008,4:14:17
221,39.985023,116.304811,176,10/23/2008,4:14:22
222,39.985031,116.304927,175,10/23/2008,4:14:27
223,39.985082,116.305192,177,10/23/2008,4:14:32
224,39.985105,116.305348,176,10/23/2008,4:14:37
225,39.985132,116.305499,175,10/23/2008,4:14:42
226,39.985169,116.305649,183,10/23/2008,4:14:47
227,39.985135,116.305834,178,10/23/2008,4:14:52
228,39.985146,116.305984,175,10/23/2008,4:14:57
229,39.985131,116.306178,174,10/23/2008,4:15:02
230,39.985127,116.306363,168,10/23/2008,4:15:07
231,39.985135,116.306531,169,10/23/2008,4:15:12
232,39.985157,116.306711,166,10/23/2008,4:15:17
233,39.98517,116.306893,172,10/23/2008,4:15:22
234,39.985154,116.307092,178,10/23/2008,4:15:27
235,39.985184,116.307341,176,10/23/2008,4:15:32
236,39.98521,116.30751,168,10/23/2008,4:15:37
237,39.985231,116.307633,170,10/23/2008,4:15:42
238,39.98526,116.307735,175,10/23/2008,4:15:47
239,39.98524,116.307933,174,10/23/2008,4:15:52
240,39.985225,116.308133,174,10/23/2008,4:15:57
241,39.985256,116.308313,176,10/23/2008,4:16:02
242,39.985218,116.308579,174,10/23/2008,4:16:07
243,39.985201,116.308774,174,10/23/2008,4:16:12
244,39.985203,116.30898,173,10/23/2008,4:16:17
245,39.985221,116.309152,176,10/23/2008,4:16:22
246,39.985194,116.30931,177,10/23/2008,4:16:27
247,39.985161,116.309494,177,10/23/2008,4:16:32
248,39.98519,116.309701,179,10/23/2008,4:16:37
249,39.985202,116.309888,178,10/23/2008,4:16:42
250,39.985282,116.30998,172,10/23/2008,4:16:47
251,39.985443,116.30998,173,10/23/2008,4:16:52
252,39.985579,116.309969,163,10/23/2008,4:16:57
253,39.985721,116.309961,159,10/23/2008,4:17:02
254,39.98584,116.309941,154,10/23/2008,4:17:07
255,39.98595,116.309978,153,10/23/2008,4:17:12
256,39.986051,116.310034,152,10/23/2008,4:17:17
257,39.986174,116.310025,157,10/23/2008,4:17:22
258,39.986305,116.309956,162,10/23/2008,4:17:27
259,39.986461,116.309885,151,10/23/2008,4:17:32
260,39.986611,116.309862,146,10/23/2008,4:17:37
261,39.986697,116.309893,139,10/23/2008,4:17:42
262,39.986793,116.309956,129,10/23/2008,4:17:47
263,39.986929,116.309974,127,10/23/2008,4:17:52
264,39.987073,116.309987,127,10/23/2008,4:17:57
265,39.987211,116.310004,128,10/23/2008,4:18:02
266,39.987325,116.31007,133,10/23/2008,4:18:07
267,39.987458,116.310084,137,10/23/2008,4:18:12
268,39.987591,116.310088,145,10/23/2008,4:18:17
269,39.987747,116.310049,153,10/23/2008,4:18:22
270,39.987884,116.310027,159,10/23/2008,4:18:27
271,39.988008,116.310059,176,10/23/2008,4:18:32
272,39.988111,116.310052,169,10/23/2008,4:18:37
273,39.988293,116.309902,150,10/23/2008,4:18:42
274,39.988397,116.309931,150,10/23/2008,4:18:47
275,39.988553,116.309866,138,10/23/2008,4:18:52
276,39.988679,116.309824,132,10/23/2008,4:18:57
277,39.988772,116.309784,123,10/23/2008,4:19:02
278,39.988901,116.309793,119,10/23/2008,4:19:07
279,39.989029,116.309833,123,10/23/2008,4:19:12
280,39.989173,116.309866,139,10/23/2008,4:19:17
281,39.989287,116.309905,141,10/23/2008,4:19:22
282,39.989392,116.309949,150,10/23/2008,4:19:27
283,39.989519,116.310031,167,10/23/2008,4:19:32
284,39.989628,116.310049,178,10/23/2008,4:19:37
285,39.989762,116.310024,184,10/23/2008,4:19:42
286,39.989838,116.310098,199,10/23/2008,4:19:47
287,39.989981,116.310115,181,10/23/2008,4:19:52
288,39.990089,116.310169,196,10/23/2008,4:19:57
289,39.990219,116.310215,208,10/23/2008,4:20:02
290,39.990325,116.310258,215,10/23/2008,4:20:07
291,39.990406,116.310277,223,10/23/2008,4:20:12
292,39.99056,116.31019,235,10/23/2008,4:20:17
293,39.99065,116.310134,232,10/23/2008,4:20:22
294,39.990693,116.310114,230,10/23/2008,4:20:27
295,39.990696,116.310111,232,10/23/2008,4:20:32
296,39.990698,116.310105,232,10/23/2008,4:20:37
297,39.990698,116.310103,231,10/23/2008,4:20:42
298,39.990696,116.310101,231,10/23/2008,4:20:47
299,39.990695,116.310095,230,10/23/2008,4:20:52
300,39.990692,116.310092,230,10/23/2008,4:20:57
301,39.99069,116.31009,230,10/23/2008,4:21:02
302,39.990689,116.310088,230,10/23/2008,4:21:07
303,39.990689,116.310087,230,10/23/2008,4:21:12
304,39.990689,116.310087,230,10/23/2008,4:21:15
305,39.990696,116.31009,230,10/23/2008,4:21:17
306,39.990743,116.310066,211,10/23/2008,4:21:22
307,39.990793,116.310109,190,10/23/2008,4:21:27
308,39.990837,116.310205,178,10/23/2008,4:21:32
309,39.990873,116.310318,161,10/23/2008,4:21:37
310,39.990887,116.310479,145,10/23/2008,4:21:42
311,39.990874,116.310657,134,10/23/2008,4:21:47
312,39.990906,116.310827,121,10/23/2008,4:21:52
313,39.990921,116.310971,108,10/23/2008,4:21:57
314,39.990933,116.311149,99,10/23/2008,4:22:02
315,39.990969,116.311312,90,10/23/2008,4:22:07
316,39.990994,116.311507,82,10/23/2008,4:22:12
317,39.991014,116.311693,73,10/23/2008,4:22:17
318,39.99101,116.311915,75,10/23/2008,4:22:22
319,39.991033,116.312107,74,10/23/2008,4:22:27
320,39.991055,116.312282,78,10/23/2008,4:22:32
321,39.991058,116.312473,82,10/23/2008,4:22:37
322,39.991032,116.312666,86,10/23/2008,4:22:42
323,39.991024,116.312853,86,10/23/2008,4:22:47
324,39.991022,116.313047,84,10/23/2008,4:22:52
325,39.991018,116.313244,91,10/23/2008,4:22:57
326,39.991016,116.313469,99,10/23/2008,4:23:02
327,39.991035,116.313681,103,10/23/2008,4:23:07
328,39.991063,116.31384,100,10/23/2008,4:23:12
329,39.991072,116.31403,98,10/23/2008,4:23:17
330,39.991068,116.314209,109,10/23/2008,4:23:22
331,39.991095,116.314385,111,10/23/2008,4:23:27
332,39.991113,116.314596,112,10/23/2008,4:23:32
333,39.991128,116.314797,109,10/23/2008,4:23:37
334,39.991127,116.315003,116,10/23/2008,4:23:42
335,39.991148,116.315193,120,10/23/2008,4:23:47
336,39.991176,116.315342,112,10/23/2008,4:23:52
337,39.991215,116.315529,106,10/23/2008,4:23:57
338,39.991209,116.315643,106,10/23/2008,4:24:02
339,39.991191,116.31579,104,10/23/2008,4:24:07
340,39.991188,116.315958,107,10/23/2008,4:24:12
341,39.991189,116.316172,102,10/23/2008,4:24:17
342,39.991186,116.316381,96,10/23/2008,4:24:22
343,39.991194,116.316575,92,10/23/2008,4:24:27
344,39.991208,116.316756,87,10/23/2008,4:24:32
345,39.99122,116.316999,88,10/23/2008,4:24:37
346,39.991197,116.317235,91,10/23/2008,4:24:42
347,39.991183,116.317452,94,10/23/2008,4:24:47
348,39.991164,116.317661,92,10/23/2008,4:24:52
349,39.991187,116.317874,90,10/23/2008,4:24:57
350,39.991179,116.318083,90,10/23/2008,4:25:02
351,39.991132,116.318231,95,10/23/2008,4:25:07
352,39.991169,116.31848,97,10/23/2008,4:25:12
353,39.991183,116.318691,90,10/23/2008,4:25:17
354,39.991204,116.318904,94,10/23/2008,4:25:22
355,39.991201,116.319098,88,10/23/2008,4:25:27
356,39.991194,116.319315,86,10/23/2008,4:25:32
357,39.991187,116.31949,87,10/23/2008,4:25:37
358,39.991206,116.319683,87,10/23/2008,4:25:42
359,39.991239,116.319866,81,10/23/2008,4:25:47
360,39.991258,116.320062,73,10/23/2008,4:25:52
361,39.991282,116.320255,71,10/23/2008,4:25:57
362,39.991288,116.320445,66,10/23/2008,4:26:02
363,39.991308,116.320622,59,10/23/2008,4:26:07
364,39.991325,116.320803,51,10/23/2008,4:26:12
365,39.991352,116.321002,50,10/23/2008,4:26:17
366,39.991382,116.321179,47,10/23/2008,4:26:22
367,39.991388,116.321384,53,10/23/2008,4:26:27
368,39.991389,116.321583,53,10/23/2008,4:26:32
369,39.991368,116.321736,52,10/23/2008,4:26:37
370,39.99141,116.321874,51,10/23/2008,4:26:42
371,39.991412,116.322004,55,10/23/2008,4:26:47
372,39.991406,116.322176,67,10/23/2008,4:26:52
373,39.991403,116.322296,70,10/23/2008,4:26:57
374,39.991401,116.322436,70,10/23/2008,4:27:02
375,39.991477,116.322668,66,10/23/2008,4:27:07
376,39.991591,116.322784,74,10/23/2008,4:27:12
377,39.991716,116.322778,80,10/23/2008,4:27:17
378,39.991863,116.322774,83,10/23/2008,4:27:22
379,39.992007,116.322784,90,10/23/2008,4:27:27
380,39.992201,116.322812,98,10/23/2008,4:27:32
381,39.992365,116.3228,117,10/23/2008,4:27:37
382,39.992456,116.322797,139,10/23/2008,4:27:42
383,39.9926,116.32281,153,10/23/2008,4:27:47
384,39.992777,116.322891,148,10/23/2008,4:27:52
385,39.992883,116.322891,150,10/23/2008,4:27:57
386,39.993001,116.322713,153,10/23/2008,4:28:02
387,39.993077,116.322617,159,10/23/2008,4:28:07
388,39.993222,116.322651,157,10/23/2008,4:28:12
389,39.993429,116.32276,161,10/23/2008,4:28:17
390,39.993535,116.322744,170,10/23/2008,4:28:22
391,39.99364,116.322658,179,10/23/2008,4:28:27
392,39.993796,116.322579,186,10/23/2008,4:28:32
393,39.994055,116.322804,168,10/23/2008,4:28:37
394,39.994175,116.322829,160,10/23/2008,4:28:42
395,39.994276,116.322786,153,10/23/2008,4:28:47
396,39.994471,116.322763,156,10/23/2008,4:28:52
397,39.994648,116.322723,148,10/23/2008,4:28:57
398,39.99481,116.322641,145,10/23/2008,4:29:02
399,39.994946,116.322625,147,10/23/2008,4:29:07
400,39.995093,116.32262,145,10/23/2008,4:29:12
401,39.995235,116.322606,145,10/23/2008,4:29:17
402,39.995392,116.322607,143,10/23/2008,4:29:22
403,39.995567,116.322533,149,10/23/2008,4:29:27
404,39.995718,116.32252,147,10/23/2008,4:29:32
405,39.995852,116.322517,146,10/23/2008,4:29:37
406,39.995993,116.322556,154,10/23/2008,4:29:42
407,39.99611,116.322544,152,10/23/2008,4:29:47
408,39.996234,116.322552,151,10/23/2008,4:29:52
409,39.996392,116.322481,157,10/23/2008,4:29:57
410,39.996534,116.322464,166,10/23/2008,4:30:02
411,39.996632,116.322425,166,10/23/2008,4:30:07
412,39.996645,116.322412,169,10/23/2008,4:30:12
413,39.996725,116.322348,167,10/23/2008,4:30:17
414,39.996881,116.322337,163,10/23/2008,4:30:22
415,39.997081,116.322428,163,10/23/2008,4:30:27
416,39.997277,116.322428,162,10/23/2008,4:30:32
417,39.997592,116.322314,170,10/23/2008,4:30:37
418,39.99775,116.322301,170,10/23/2008,4:30:42
419,39.997865,116.322317,168,10/23/2008,4:30:47
420,39.997988,116.32231,164,10/23/2008,4:30:52
421,39.998151,116.322261,161,10/23/2008,4:30:57
422,39.998307,116.322268,156,10/23/2008,4:31:02
423,39.998452,116.322236,162,10/23/2008,4:31:07
424,39.998603,116.322225,163,10/23/2008,4:31:12
425,39.998753,116.322225,168,10/23/2008,4:31:17
426,39.998895,116.322254,171,10/23/2008,4:31:22
427,39.999078,116.322196,167,10/23/2008,4:31:27
428,39.999218,116.322176,166,10/23/2008,4:31:32
429,39.999364,116.322161,159,10/23/2008,4:31:37
430,39.999484,116.322148,148,10/23/2008,4:31:42
431,39.999607,116.322178,142,10/23/2008,4:31:47
432,39.999602,116.322324,142,10/23/2008,4:31:52
433,39.999603,116.322434,143,10/23/2008,4:31:57
434,39.999586,116.322587,145,10/23/2008,4:32:02
435,39.999573,116.32276,149,10/23/2008,4:32:07
436,39.999572,116.322932,153,10/23/2008,4:32:12
437,39.999565,116.323134,159,10/23/2008,4:32:17
438,39.999569,116.32328,162,10/23/2008,4:32:22
439,39.999575,116.323448,164,10/23/2008,4:32:27
440,39.999568,116.323605,170,10/23/2008,4:32:32
441,39.999558,116.323605,171,10/23/2008,4:32:37
442,39.999581,116.323732,170,10/23/2008,4:32:42
443,39.999653,116.324069,162,10/23/2008,4:32:47
444,39.999678,116.324258,161,10/23/2008,4:32:52
445,39.999646,116.324405,164,10/23/2008,4:32:57
446,39.999676,116.324452,165,10/23/2008,4:33:02
447,39.999678,116.324453,166,10/23/2008,4:33:07
448,39.999682,116.324455,167,10/23/2008,4:33:12
449,39.999682,116.324455,167,10/23/2008,4:33:15
450,39.999676,116.324456,167,10/23/2008,4:33:17
451,39.999641,116.32451,171,10/23/2008,4:33:22
452,39.999662,116.324481,176,10/23/2008,4:33:27
453,39.999651,116.324477,178,10/23/2008,4:33:32
454,39.999664,116.324493,177,10/23/2008,4:33:37
455,39.999684,116.324511,178,10/23/2008,4:33:42
456,39.999684,116.324511,178,10/23/2008,4:33:51
457,39.999678,116.324511,178,10/23/2008,4:33:47
458,39.999667,116.324512,179,10/23/2008,4:33:52
459,39.999655,116.324513,179,10/23/2008,4:33:57
460,39.999703,116.324496,179,10/23/2008,4:34:02
461,39.99956,116.324498,179,10/23/2008,4:34:07
462,39.999506,116.324545,179,10/23/2008,4:34:12
463,39.999516,116.324531,179,10/23/2008,4:34:17
464,39.999567,116.324478,179,10/23/2008,4:34:22
465,39.999573,116.3246,179,10/23/2008,4:34:27
466,39.999538,116.324639,178,10/23/2008,4:34:32
467,39.999598,116.324684,177,10/23/2008,4:34:37
468,39.999666,116.324722,177,10/23/2008,4:34:42
469,39.999729,116.324801,176,10/23/2008,4:34:47
470,39.999769,116.324886,175,10/23/2008,4:34:52
471,40.004775,116.320158,105,10/23/2008,9:42:32
472,40.004783,116.320388,109,10/23/2008,9:42:34
473,40.004799,116.320545,99,10/23/2008,9:42:35
474,40.004835,116.320683,94,10/23/2008,9:42:40
475,40.004851,116.320835,95,10/23/2008,9:42:51
476,40.004868,116.32101,94,10/23/2008,9:42:53
477,40.004849,116.321153,102,10/23/2008,9:42:55
478,40.004879,116.321277,110,10/23/2008,9:43:00
479,40.004962,116.321318,118,10/23/2008,9:43:05
480,40.005088,116.32128,128,10/23/2008,9:43:10
481,40.00525,116.32126,142,10/23/2008,9:43:15
482,40.005455,116.321389,145,10/23/2008,9:43:20
483,40.005621,116.321455,146,10/23/2008,9:43:32
484,40.005738,116.321491,148,10/23/2008,9:43:34
485,40.005883,116.321518,147,10/23/2008,9:43:35
486,40.006051,116.321521,151,10/23/2008,9:43:40
487,40.006178,116.321463,151,10/23/2008,9:43:51
488,40.00633,116.321461,153,10/23/2008,9:43:53
489,40.006482,116.321474,149,10/23/2008,9:43:55
490,40.006631,116.321459,143,10/23/2008,9:44:00
491,40.006813,116.321447,137,10/23/2008,9:44:05
492,40.006974,116.321454,143,10/23/2008,9:44:10
493,40.007122,116.321396,152,10/23/2008,9:44:15
494,40.007235,116.321356,165,10/23/2008,9:44:20
495,40.00741,116.321395,174,10/23/2008,9:44:32
496,40.007571,116.321412,180,10/23/2008,9:44:34
497,40.007715,116.321414,179,10/23/2008,9:44:35
498,40.007862,116.321426,182,10/23/2008,9:44:40
499,40.008034,116.321437,186,10/23/2008,9:44:51
500,40.00817,116.321441,189,10/23/2008,9:44:53
501,40.008337,116.321425,196,10/23/2008,9:44:55
502,40.008515,116.321421,173,10/23/2008,9:45:00
503,40.008668,116.321446,148,10/23/2008,9:45:05
504,40.008782,116.321443,152,10/23/2008,9:45:10
505,40.008843,116.321385,156,10/23/2008,9:45:15
506,40.008884,116.321402,165,10/23/2008,9:45:20
507,40.00895,116.321449,150,10/23/2008,9:45:32
508,40.009006,116.321502,141,10/23/2008,9:45:34
509,40.009026,116.321564,147,10/23/2008,9:45:35
510,40.009011,116.321623,146,10/23/2008,9:45:40
511,40.009021,116.321625,143,10/23/2008,9:45:51
512,40.009021,116.321625,143,10/23/2008,9:45:48
513,40.00902,116.321631,145,10/23/2008,9:45:53
514,40.009013,116.321659,145,10/23/2008,9:45:55
515,40.008921,116.321484,142,10/23/2008,9:49:20
516,40.008582,116.322217,239,10/23/2008,9:49:40
517,40.008481,116.32244,217,10/23/2008,9:49:51
518,40.008496,116.322406,216,10/23/2008,9:49:53
519,40.00888,116.321628,167,10/23/2008,9:49:55
520,40.00898,116.321587,140,10/23/2008,9:50:00
521,40.00898,116.321544,133,10/23/2008,9:50:05
522,40.008984,116.321525,134,10/23/2008,9:50:10
523,40.008984,116.321525,134,10/23/2008,9:50:13
524,40.008982,116.321517,134,10/23/2008,9:50:15
525,40.008958,116.321457,134,10/23/2008,9:50:20
526,40.008971,116.321436,133,10/23/2008,9:50:32
527,40.009022,116.321434,133,10/23/2008,9:50:34
528,40.009025,116.321374,130,10/23/2008,9:50:35
529,40.00903,116.321397,129,10/23/2008,9:50:40
530,40.009062,116.321462,131,10/23/2008,9:50:51
531,40.009081,116.321486,133,10/23/2008,9:50:53
532,40.00908,116.321479,134,10/23/2008,9:50:55
533,40.00908,116.321479,134,10/23/2008,9:50:58
534,40.009081,116.321481,134,10/23/2008,9:51:00
535,40.009083,116.321491,134,10/23/2008,9:51:05
536,40.009094,116.32152,134,10/23/2008,9:51:10
537,40.009072,116.321585,142,10/23/2008,9:51:15
538,40.009083,116.321467,140,10/23/2008,9:51:20
539,40.00908,116.321442,141,10/23/2008,9:51:32
540,40.009087,116.321453,142,10/23/2008,9:51:34
541,40.009065,116.321479,147,10/23/2008,9:51:35
542,40.009071,116.321517,145,10/23/2008,9:51:40
543,40.009075,116.32156,144,10/23/2008,9:51:51
544,40.009105,116.321616,143,10/23/2008,9:51:53
545,40.00908,116.32156,143,10/23/2008,9:51:55
546,40.009031,116.321491,142,10/23/2008,9:52:00
547,40.008995,116.321407,142,10/23/2008,9:52:05
548,40.008995,116.321407,142,10/23/2008,9:52:08
549,40.008999,116.321412,142,10/23/2008,9:52:10
550,40.008997,116.321399,142,10/23/2008,9:52:15
551,40.008994,116.321389,143,10/23/2008,9:52:20
552,40.008994,116.321389,143,10/23/2008,9:52:23
553,40.008995,116.321392,143,10/23/2008,9:52:32
554,40.009235,116.321472,143,10/23/2008,9:52:34
555,40.009268,116.321446,146,10/23/2008,9:52:35
556,40.00927,116.321447,146,10/23/2008,9:52:40
557,40.00927,116.321447,146,10/23/2008,9:52:43
558,40.009272,116.321451,146,10/23/2008,9:52:51
559,40.00928,116.321473,146,10/23/2008,9:52:53
560,40.009278,116.32147,146,10/23/2008,9:52:51
561,40.009242,116.321445,145,10/23/2008,9:52:56
562,40.009187,116.32143,144,10/23/2008,9:53:01
563,40.009098,116.321437,142,10/23/2008,9:53:06
564,40.009045,116.321485,143,10/23/2008,9:53:11
565,40.009008,116.321449,140,10/23/2008,9:53:16
566,40.008993,116.321501,139,10/23/2008,9:53:21
567,40.009017,116.321558,138,10/23/2008,9:53:26
568,40.008999,116.321511,135,10/23/2008,9:53:31
569,40.008999,116.321511,135,10/23/2008,9:53:34
570,40.008997,116.321518,135,10/23/2008,9:53:36
571,40.008999,116.321537,135,10/23/2008,9:53:41
572,40.009026,116.321518,133,10/23/2008,9:53:46
573,40.009009,116.321499,133,10/23/2008,9:53:51
574,40.009009,116.321499,133,10/23/2008,9:53:54
575,40.009011,116.321506,133,10/23/2008,9:53:56
576,40.009013,116.321522,133,10/23/2008,9:54:01
577,40.009012,116.321576,133,10/23/2008,9:54:06
578,40.009034,116.321569,133,10/23/2008,9:54:11
579,40.009034,116.321569,133,10/23/2008,9:54:14
580,40.009038,116.321575,133,10/23/2008,9:54:16
581,40.009024,116.321614,132,10/23/2008,9:54:21
582,40.009015,116.321526,134,10/23/2008,9:54:26
583,40.008997,116.321432,131,10/23/2008,9:54:31
584,40.008995,116.321455,131,10/23/2008,9:54:36
585,40.008997,116.321485,132,10/23/2008,9:54:41
586,40.009032,116.32151,130,10/23/2008,9:54:46
587,40.009074,116.32148,129,10/23/2008,9:54:51
588,40.009101,116.32153,128,10/23/2008,9:54:56
589,40.009157,116.321596,127,10/23/2008,9:55:01
590,40.009219,116.321657,130,10/23/2008,9:55:06
591,40.009247,116.321721,139,10/23/2008,9:55:11
592,40.009273,116.321781,145,10/23/2008,9:55:16
593,40.009313,116.321871,154,10/23/2008,9:55:21
594,40.009344,116.321952,159,10/23/2008,9:55:26
595,40.009356,116.322007,164,10/23/2008,9:55:31
596,40.009386,116.322103,163,10/23/2008,9:55:36
597,40.009356,116.322121,165,10/23/2008,9:55:41
598,40.009353,116.322135,165,10/23/2008,9:55:46
599,40.009319,116.322152,165,10/23/2008,9:55:51
600,40.009394,116.322162,168,10/23/2008,9:55:56
601,40.009399,116.322179,168,10/23/2008,9:56:01
602,40.009344,116.32219,167,10/23/2008,9:56:06
603,40.009342,116.322177,166,10/23/2008,9:56:11
604,40.009318,116.32219,164,10/23/2008,9:56:16
605,40.009287,116.322206,162,10/23/2008,9:56:21
606,40.00927,116.32222,165,10/23/2008,9:56:26
607,40.009351,116.321916,158,10/23/2008,10:02:04
608,40.009336,116.321838,157,10/23/2008,10:02:09
609,40.009331,116.321811,150,10/23/2008,10:02:14
610,40.009314,116.321823,152,10/23/2008,10:02:19
611,40.009314,116.321833,151,10/23/2008,10:02:24
612,40.009316,116.32185,150,10/23/2008,10:02:29
613,40.009428,116.320888,140,10/23/2008,10:03:39
614,40.008854,116.321493,172,10/23/2008,10:03:44
615,40.008848,116.321349,180,10/23/2008,10:03:49
616,40.008874,116.32116,130,10/23/2008,10:03:54
617,40.008852,116.321109,112,10/23/2008,10:03:59
618,40.008786,116.321037,120,10/23/2008,10:04:04
619,40.008767,116.321012,127,10/23/2008,10:04:09
620,40.008735,116.320977,118,10/23/2008,10:04:14
621,40.008694,116.320964,117,10/23/2008,10:04:19
622,40.008665,116.320937,121,10/23/2008,10:04:24
623,40.008635,116.320886,118,10/23/2008,10:04:29
624,40.008612,116.32083,120,10/23/2008,10:04:34
625,40.008591,116.3208,119,10/23/2008,10:04:39
626,40.008574,116.320772,119,10/23/2008,10:04:44
627,40.008521,116.320688,118,10/23/2008,10:04:49
628,40.008471,116.320669,118,10/23/2008,10:04:54
629,40.008419,116.320654,118,10/23/2008,10:04:59
630,40.008362,116.320619,119,10/23/2008,10:05:04
631,40.008348,116.320573,119,10/23/2008,10:05:09
632,40.008309,116.320547,118,10/23/2008,10:05:14
633,40.008281,116.320543,114,10/23/2008,10:05:19
634,40.008234,116.320499,115,10/23/2008,10:05:24
635,40.008163,116.320473,123,10/23/2008,10:05:29
636,40.008129,116.320418,123,10/23/2008,10:05:34
637,40.008121,116.320359,122,10/23/2008,10:05:39
638,40.008069,116.320335,125,10/23/2008,10:05:44
639,40.008027,116.320309,125,10/23/2008,10:05:49
640,40.00801,116.320287,126,10/23/2008,10:05:54
641,40.007959,116.320241,130,10/23/2008,10:05:59
642,40.007947,116.320238,131,10/23/2008,10:06:04
643,40.007879,116.320237,134,10/23/2008,10:06:09
644,40.007826,116.320239,136,10/23/2008,10:06:14
645,40.007818,116.320239,137,10/23/2008,10:06:19
646,40.007818,116.320239,137,10/23/2008,10:06:22
647,40.007819,116.32024,138,10/23/2008,10:06:24
648,40.007817,116.32023,138,10/23/2008,10:06:29
649,40.007834,116.320181,138,10/23/2008,10:06:34
650,40.007761,116.320093,135,10/23/2008,10:06:39
651,40.007661,116.319986,134,10/23/2008,10:06:44
652,40.007623,116.319953,134,10/23/2008,10:06:49
653,40.007623,116.319953,134,10/23/2008,10:06:52
654,40.007621,116.31995,134,10/23/2008,10:06:54
655,40.007575,116.31987,134,10/23/2008,10:06:59
656,40.007551,116.319732,133,10/23/2008,10:07:04
657,40.007526,116.31965,132,10/23/2008,10:07:09
658,40.007468,116.319517,132,10/23/2008,10:07:14
659,40.007465,116.319506,132,10/23/2008,10:07:19
660,40.007462,116.319493,132,10/23/2008,10:07:21
661,40.007459,116.319436,131,10/23/2008,10:07:26
662,40.007453,116.319403,131,10/23/2008,10:07:31
663,40.007454,116.319391,130,10/23/2008,10:07:36
664,40.007474,116.319376,130,10/23/2008,10:07:41
665,40.0075,116.319364,130,10/23/2008,10:07:46
666,40.007524,116.319357,130,10/23/2008,10:07:51
667,40.007524,116.319321,130,10/23/2008,10:07:56
668,40.007517,116.319312,130,10/23/2008,10:08:01
669,40.007551,116.319307,130,10/23/2008,10:08:06
670,40.007551,116.319307,130,10/23/2008,10:08:09
671,40.007555,116.319313,130,10/23/2008,10:08:11
672,40.00759,116.31934,130,10/23/2008,10:08:16
673,40.00761,116.319355,130,10/23/2008,10:08:21
674,40.007615,116.319369,130,10/23/2008,10:08:26
675,40.007621,116.319385,130,10/23/2008,10:08:31
676,40.007644,116.319403,130,10/23/2008,10:08:36
677,40.007663,116.319417,130,10/23/2008,10:08:41
678,40.007663,116.319417,130,10/23/2008,10:08:44
679,40.007669,116.319414,130,10/23/2008,10:08:46
680,40.007661,116.319384,130,10/23/2008,10:08:51
681,40.007654,116.319321,130,10/23/2008,10:08:56
682,40.007654,116.319266,130,10/23/2008,10:09:01
683,40.00767,116.319215,130,10/23/2008,10:09:06
684,40.007694,116.319181,130,10/23/2008,10:09:11
685,40.007699,116.319151,130,10/23/2008,10:09:16
686,40.007272,116.319756,129,10/23/2008,10:09:26
687,40.007331,116.319657,129,10/23/2008,10:09:31
688,40.007428,116.319432,130,10/23/2008,10:09:41
689,40.007395,116.319354,125,10/23/2008,10:09:46
690,40.007447,116.319379,121,10/23/2008,10:09:51
691,40.007479,116.319371,117,10/23/2008,10:09:56
692,40.007516,116.319316,112,10/23/2008,10:10:01
693,40.007575,116.319238,111,10/23/2008,10:10:06
694,40.007288,116.319088,125,10/23/2008,10:10:31
695,40.007288,116.319088,125,10/23/2008,10:10:34
696,40.007284,116.319084,133,10/23/2008,10:10:36
697,40.007298,116.319036,138,10/23/2008,10:10:41
698,40.007365,116.31903,144,10/23/2008,10:10:46
699,40.007416,116.319007,147,10/23/2008,10:10:51
700,40.007482,116.318957,147,10/23/2008,10:10:56
701,40.007548,116.318852,144,10/23/2008,10:11:01
702,40.007627,116.318775,139,10/23/2008,10:11:06
703,40.007718,116.318705,135,10/23/2008,10:11:11
704,40.007808,116.318623,131,10/23/2008,10:11:16
705,40.007877,116.318546,127,10/23/2008,10:11:21
706,40.007945,116.318487,125,10/23/2008,10:11:26
707,40.00803,116.318444,123,10/23/2008,10:11:31
708,40.008125,116.318365,122,10/23/2008,10:11:36
709,40.008215,116.318248,120,10/23/2008,10:11:41
710,40.008168,116.318293,120,10/23/2008,10:11:46
711,40.008015,116.318471,117,10/23/2008,10:11:51
712,40.008049,116.318444,114,10/23/2008,10:11:56
713,40.008064,116.31838,111,10/23/2008,10:12:01
714,40.008118,116.318326,109,10/23/2008,10:12:06
715,40.008197,116.318275,106,10/23/2008,10:12:11
716,40.008289,116.318251,104,10/23/2008,10:12:16
717,40.008305,116.318267,101,10/23/2008,10:12:21
718,40.008276,116.318339,98,10/23/2008,10:12:26
719,40.008184,116.318474,95,10/23/2008,10:12:31
720,40.008071,116.318568,91,10/23/2008,10:12:36
721,40.007954,116.318639,87,10/23/2008,10:12:41
722,40.007884,116.318684,82,10/23/2008,10:12:46
723,40.007867,116.318699,77,10/23/2008,10:12:51
724,40.007835,116.318706,72,10/23/2008,10:12:56
725,40.007717,116.318842,71,10/23/2008,10:13:01
726,40.007726,116.318826,66,10/23/2008,10:13:06
727,40.007721,116.318792,61,10/23/2008,10:13:11
728,40.007753,116.318741,58,10/23/2008,10:13:16
729,40.007803,116.318672,59,10/23/2008,10:13:21
730,40.007852,116.318565,60,10/23/2008,10:13:26
731,40.007925,116.318494,62,10/23/2008,10:13:31
732,40.008019,116.318455,64,10/23/2008,10:13:36
733,40.006977,116.319607,134,10/23/2008,10:14:21
734,40.007203,116.319334,139,10/23/2008,10:14:26
735,40.00735,116.319131,140,10/23/2008,10:14:31
736,40.007504,116.318956,140,10/23/2008,10:14:36
737,40.007611,116.318793,140,10/23/2008,10:14:41
738,40.007773,116.31865,140,10/23/2008,10:14:46
739,40.007966,116.31854,140,10/23/2008,10:14:51
740,40.007399,116.31912,131,10/23/2008,10:15:06
741,40.007411,116.319124,112,10/23/2008,10:15:11
742,40.00744,116.31909,92,10/23/2008,10:15:16
743,40.007496,116.319085,70,10/23/2008,10:15:21
744,40.00754,116.31909,61,10/23/2008,10:15:26
745,40.007619,116.319094,59,10/23/2008,10:15:31
746,40.007648,116.319041,22,10/23/2008,10:15:36
747,40.007681,116.318962,-30,10/23/2008,10:15:41
748,40.007724,116.318892,-76,10/23/2008,10:15:46
749,40.007766,116.318825,-155,10/23/2008,10:15:51
750,40.007809,116.318799,-218,10/23/2008,10:15:56
751,40.007849,116.318754,-278,10/23/2008,10:16:01
752,40.007905,116.31869,-336,10/23/2008,10:16:06
753,40.007878,116.318784,-145,10/23/2008,10:18:11
754,40.007616,116.318863,119,10/23/2008,10:18:16
755,40.007692,116.318817,134,10/23/2008,10:18:21
756,40.007794,116.318827,136,10/23/2008,10:18:26
757,40.007898,116.318829,137,10/23/2008,10:18:31
758,40.007981,116.318788,138,10/23/2008,10:18:36
759,40.008009,116.318763,138,10/23/2008,10:18:41
760,40.008031,116.318756,138,10/23/2008,10:18:46
761,40.008055,116.318753,138,10/23/2008,10:18:51
762,40.008237,116.318816,135,10/23/2008,10:18:56
763,40.008306,116.318941,127,10/23/2008,10:19:01
764,40.008283,116.318897,123,10/23/2008,10:19:06
765,40.0083,116.318936,118,10/23/2008,10:19:11
766,40.007645,116.319454,121,10/23/2008,10:19:16
767,40.007582,116.319409,127,10/23/2008,10:19:21
768,40.007581,116.319385,138,10/23/2008,10:19:26
769,40.007612,116.319403,150,10/23/2008,10:19:31
770,40.007694,116.319429,161,10/23/2008,10:19:36
771,40.007778,116.319475,174,10/23/2008,10:19:41
772,40.007876,116.319505,182,10/23/2008,10:19:46
773,40.007974,116.319529,185,10/23/2008,10:19:51
774,40.008096,116.319537,188,10/23/2008,10:19:56
775,40.008196,116.319549,188,10/23/2008,10:20:01
776,40.008292,116.319591,185,10/23/2008,10:20:06
777,40.008369,116.319618,183,10/23/2008,10:20:11
778,40.008421,116.319597,182,10/23/2008,10:20:16
779,40.008452,116.319548,180,10/23/2008,10:20:21
780,40.008503,116.319525,179,10/23/2008,10:20:26
781,40.008544,116.31949,178,10/23/2008,10:20:31
782,40.008601,116.319482,175,10/23/2008,10:20:36
783,40.008617,116.319483,175,10/23/2008,10:20:41
784,40.008617,116.319483,175,10/23/2008,10:20:44
785,40.008625,116.319489,175,10/23/2008,10:20:46
786,40.00864,116.319488,175,10/23/2008,10:20:56
787,40.008645,116.319484,174,10/23/2008,10:21:01
788,40.008645,116.319484,174,10/23/2008,10:21:04
789,40.008649,116.319481,174,10/23/2008,10:21:06
790,40.008669,116.319455,174,10/23/2008,10:21:16
791,40.006747,116.318549,7584,10/23/2008,10:26:35
792,40.006747,116.318549,7584,10/23/2008,10:26:43
793,40.006755,116.318544,7558,10/23/2008,10:26:51
794,40.006742,116.318571,7547,10/23/2008,10:26:53
795,40.006744,116.31856,7546,10/23/2008,10:26:55
796,40.006745,116.318572,7544,10/23/2008,10:27:00
797,40.006745,116.318581,7544,10/23/2008,10:27:05
798,40.006739,116.318568,7545,10/23/2008,10:27:10
799,40.006722,116.318548,7545,10/23/2008,10:27:15
800,40.006719,116.318565,7544,10/23/2008,10:27:20
801,40.006724,116.318625,7544,10/23/2008,10:27:32
802,40.006745,116.318817,7339,10/23/2008,10:27:34
803,40.006715,116.318884,7316,10/23/2008,10:27:35
804,40.006721,116.318965,7307,10/23/2008,10:27:40
805,40.006753,116.319072,7295,10/23/2008,10:27:51
806,40.006785,116.319175,7286,10/23/2008,10:27:53
807,40.00681,116.319239,7281,10/23/2008,10:27:55
808,40.006849,116.319286,7278,10/23/2008,10:28:00
809,40.006811,116.319309,7257,10/23/2008,10:28:05
810,40.006789,116.319351,7242,10/23/2008,10:28:10
811,40.006791,116.319398,7231,10/23/2008,10:28:15
812,40.006828,116.319424,7235,10/23/2008,10:28:20
813,40.006872,116.319419,7241,10/23/2008,10:28:32
814,40.006893,116.319381,7247,10/23/2008,10:28:34
815,40.006975,116.319294,7270,10/23/2008,10:28:35
816,40.007457,116.319674,573,10/23/2008,10:28:51
817,40.007457,116.319674,573,10/23/2008,10:28:48
818,40.007458,116.319676,576,10/23/2008,10:28:53
819,40.007479,116.319695,577,10/23/2008,10:28:55
820,40.007572,116.319786,574,10/23/2008,10:29:00
821,40.007582,116.319816,526,10/23/2008,10:29:05
822,40.007621,116.319834,460,10/23/2008,10:29:10
823,40.007629,116.31989,429,10/23/2008,10:29:15
824,40.007634,116.319966,403,10/23/2008,10:29:20
825,40.007646,116.32005,387,10/23/2008,10:29:32
826,40.00766,116.320119,352,10/23/2008,10:29:34
827,40.007686,116.320243,286,10/23/2008,10:29:35
828,40.007748,116.320301,248,10/23/2008,10:29:40
829,40.007802,116.320389,228,10/23/2008,10:29:51
830,40.007819,116.320364,212,10/23/2008,10:29:53
831,40.007853,116.320343,192,10/23/2008,10:29:55
832,40.007912,116.320328,172,10/23/2008,10:30:00
833,40.007978,116.320325,150,10/23/2008,10:30:05
834,40.007999,116.320339,142,10/23/2008,10:30:10
835,40.008036,116.320394,132,10/23/2008,10:30:15
836,40.008125,116.320486,146,10/23/2008,10:30:20
837,40.008172,116.320571,150,10/23/2008,10:30:32
838,40.008182,116.320646,147,10/23/2008,10:30:34
839,40.008226,116.320738,134,10/23/2008,10:30:35
840,40.008236,116.32081,143,10/23/2008,10:30:40
841,40.008306,116.320851,147,10/23/2008,10:30:51
842,40.008373,116.320857,139,10/23/2008,10:30:53
843,40.008418,116.320872,125,10/23/2008,10:30:55
844,40.00846,116.320864,109,10/23/2008,10:31:00
845,40.008507,116.320918,104,10/23/2008,10:31:05
846,40.008535,116.320997,102,10/23/2008,10:31:10
847,40.008565,116.321079,102,10/23/2008,10:31:15
848,40.008619,116.321168,94,10/23/2008,10:31:20
849,40.008663,116.321249,93,10/23/2008,10:31:32
850,40.008684,116.321297,88,10/23/2008,10:31:34
851,40.008724,116.321395,92,10/23/2008,10:31:35
852,40.008776,116.321462,91,10/23/2008,10:31:40
853,40.008804,116.321504,86,10/23/2008,10:31:51
854,40.008839,116.321516,82,10/23/2008,10:31:53
855,40.008879,116.321555,89,10/23/2008,10:31:55
856,40.008891,116.321571,94,10/23/2008,10:32:00
857,40.008873,116.321615,97,10/23/2008,10:32:05
858,40.008858,116.321677,90,10/23/2008,10:32:10
859,40.008864,116.321766,88,10/23/2008,10:32:15
860,40.00887,116.321858,86,10/23/2008,10:32:20
861,40.008864,116.321933,84,10/23/2008,10:32:32
862,40.008862,116.322009,83,10/23/2008,10:32:34
863,40.008855,116.322087,82,10/23/2008,10:32:35
864,40.008873,116.322144,84,10/23/2008,10:32:40
865,40.008874,116.322234,80,10/23/2008,10:32:51
866,40.008869,116.322306,80,10/23/2008,10:32:53
867,40.008835,116.322331,82,10/23/2008,10:32:55
868,40.008814,116.322311,84,10/23/2008,10:33:00
869,40.008813,116.3223,85,10/23/2008,10:33:05
870,40.008813,116.3223,85,10/23/2008,10:33:08
871,40.008821,116.322297,86,10/23/2008,10:33:10
872,40.008833,116.322297,86,10/23/2008,10:33:15
873,40.008842,116.322298,87,10/23/2008,10:33:20
874,40.008761,116.323722,377,10/23/2008,10:44:31
875,40.008765,116.32369,384,10/23/2008,10:44:36
876,40.00865,116.323112,343,10/23/2008,10:44:41
877,40.008786,116.322741,272,10/23/2008,10:44:46
878,40.008889,116.322551,255,10/23/2008,10:44:51
879,40.008962,116.322462,265,10/23/2008,10:44:56
880,40.008988,116.322356,282,10/23/2008,10:45:01
881,40.009068,116.322259,301,10/23/2008,10:45:06
882,40.009107,116.322177,319,10/23/2008,10:45:11
883,40.009086,116.322088,329,10/23/2008,10:45:16
884,40.008929,116.321992,317,10/23/2008,10:45:21
885,40.008849,116.32191,311,10/23/2008,10:45:26
886,40.008799,116.32185,307,10/23/2008,10:45:31
887,40.008827,116.321784,299,10/23/2008,10:45:36
888,40.008862,116.321736,292,10/23/2008,10:45:41
889,40.008898,116.321695,290,10/23/2008,10:45:46
890,40.008901,116.321684,292,10/23/2008,10:45:51
891,40.008905,116.321683,295,10/23/2008,10:51:56
892,40.008905,116.321683,295,10/23/2008,10:51:59
893,40.008905,116.321682,296,10/23/2008,10:46:01
894,40.008934,116.321623,275,10/23/2008,10:46:06
895,40.008945,116.321551,269,10/23/2008,10:46:11
896,40.008851,116.321485,94,10/23/2008,11:08:22
897,40.008607,116.321862,-355,10/23/2008,11:09:22
898,40.008652,116.322251,-407,10/23/2008,11:09:27
899,40.008897,116.321603,-54,10/23/2008,11:10:27
900,40.008928,116.32161,-21,10/23/2008,11:10:32
901,40.009013,116.321431,92,10/23/2008,11:10:37
902,40.009027,116.321399,93,10/23/2008,11:10:42
903,40.009064,116.321326,90,10/23/2008,11:10:47
904,40.009172,116.321211,88,10/23/2008,11:10:52
905,40.009204,116.32113,86,10/23/2008,11:10:57
906,40.009243,116.32105,85,10/23/2008,11:11:02
907,40.009269,116.320978,84,10/23/2008,11:11:07
908,40.009328,116.320887,83,10/23/2008,11:11:12
